formacao,modulo,aula,lesson_id,original_chars,revised_chars,source_url,status
Iniciante · Entrar no Imobiliário,Entrar no mundo imobiliário,O que é a mediação imobiliária?,1,1124,2778,https://diariodarepublica.pt/dr/detalhe/lei/15-2013-257806,REESCRITA
Iniciante · Entrar no Imobiliário,Entrar no mundo imobiliário,"Agência, empresa de mediação e consultor",12,1005,2841,https://diariodarepublica.pt/dr/detalhe/lei/15-2013-257806,REESCRITA
Iniciante · Entrar no Imobiliário,Entrar no mundo imobiliário,Como funciona uma transação do início ao fim,13,904,2222,https://diariodarepublica.pt/dr/legislacao-consolidada/decreto-lei/1999-34567875-45232375,REESCRITA
Iniciante · Entrar no Imobiliário,Prospeção e primeiros clientes,Construir uma rotina de prospeção,14,786,2795,https://diariodarepublica.pt/,REESCRITA
Iniciante · Entrar no Imobiliário,Prospeção e primeiros clientes,Criar uma rotina de prospeção profissional,3,517,2858,https://diariodarepublica.pt/,REESCRITA
Iniciante · Entrar no Imobiliário,Prospeção e primeiros clientes,Primeiro contacto com um proprietário,15,824,2823,https://diariodarepublica.pt/,REESCRITA
Iniciante · Entrar no Imobiliário,Prospeção e primeiros clientes,Organização de leads e follow-up,16,801,2788,https://diariodarepublica.pt/,REESCRITA
Iniciante · Entrar no Imobiliário,Angariação,Preparar uma angariação,8,540,2705,https://diariodarepublica.pt/dr/detalhe/lei/15-2013-257806,REESCRITA
Iniciante · Entrar no Imobiliário,Angariação,Preparar a reunião de angariação,17,811,2768,https://diariodarepublica.pt/dr/detalhe/lei/15-2013-257806,REESCRITA
Iniciante · Entrar no Imobiliário,Angariação,Checklist inicial do imóvel,18,822,2733,https://diariodarepublica.pt/dr/detalhe/lei/15-2013-257806,REESCRITA
Iniciante · Entrar no Imobiliário,Angariação,"Expectativas, preço e compromisso",19,739,2775,https://diariodarepublica.pt/dr/detalhe/lei/15-2013-257806,REESCRITA
Iniciante · Entrar no Imobiliário,CMI e relação com o proprietário,O que é o Contrato de Mediação Imobiliária,20,970,2860,https://diariodarepublica.pt/dr/detalhe/lei/15-2013-257806,REESCRITA
Iniciante · Entrar no Imobiliário,CMI e relação com o proprietário,Compreender o CMI,7,528,2685,https://diariodarepublica.pt/dr/detalhe/lei/15-2013-257806,REESCRITA
Iniciante · Entrar no Imobiliário,CMI e relação com o proprietário,Exclusividade e remuneração,21,936,2755,https://diariodarepublica.pt/dr/detalhe/lei/15-2013-257806,REESCRITA
Iniciante · Entrar no Imobiliário,CMI e relação com o proprietário,Comunicação durante a angariação,22,731,2198,https://diariodarepublica.pt/dr/legislacao-consolidada/decreto-lei/1999-34567875-45232375,REESCRITA
Iniciante · Entrar no Imobiliário,Análise do imóvel e preço,"Preço, valor e comparáveis",4,545,2741,https://diariodarepublica.pt/,REESCRITA
Iniciante · Entrar no Imobiliário,Análise do imóvel e preço,"Preço pedido, preço de mercado e valor",23,783,2825,https://diariodarepublica.pt/,REESCRITA
Iniciante · Entrar no Imobiliário,Análise do imóvel e preço,Áreas e preço por metro quadrado,24,819,2783,https://diariodarepublica.pt/,REESCRITA
Iniciante · Entrar no Imobiliário,Análise do imóvel e preço,Construir uma análise comparativa,25,824,2790,https://diariodarepublica.pt/,REESCRITA
Iniciante · Entrar no Imobiliário,Documentação básica,Certidão permanente do registo predial,26,912,3009,https://www.predialonline.pt/PredialOnline/faq_input.action,REESCRITA
Iniciante · Entrar no Imobiliário,Documentação básica,Documentos que deve reconhecer,6,562,2763,https://diariodarepublica.pt/dr/detalhe/lei/15-2013-257806,REESCRITA
Iniciante · Entrar no Imobiliário,Documentação básica,Caderneta predial e matriz,27,856,2956,https://info.portaldasfinancas.gov.pt/,REESCRITA
Iniciante · Entrar no Imobiliário,Documentação básica,Certificado energético e outros documentos,28,991,2205,https://www.sce.pt/,REESCRITA
Iniciante · Entrar no Imobiliário,Preparação e promoção,Preparar o imóvel antes de anunciar,29,789,2800,https://diariodarepublica.pt/,REESCRITA
Iniciante · Entrar no Imobiliário,Preparação e promoção,Preparar um imóvel para o mercado,10,529,2786,https://diariodarepublica.pt/,REESCRITA
Iniciante · Entrar no Imobiliário,Preparação e promoção,Escrever anúncios sem induzir em erro,30,808,2814,https://diariodarepublica.pt/dr/detalhe/lei/15-2013-257806,REESCRITA
Iniciante · Entrar no Imobiliário,Preparação e promoção,Plano de comercialização,31,702,2723,https://diariodarepublica.pt/,REESCRITA
Iniciante · Entrar no Imobiliário,Compradores e visitas,Qualificar compradores e conduzir visitas,5,554,2842,https://diariodarepublica.pt/,REESCRITA
Iniciante · Entrar no Imobiliário,Compradores e visitas,Qualificar um comprador,32,749,2716,https://diariodarepublica.pt/,REESCRITA
Iniciante · Entrar no Imobiliário,Compradores e visitas,Preparar e conduzir visitas,33,699,2744,https://diariodarepublica.pt/,REESCRITA
Iniciante · Entrar no Imobiliário,Compradores e visitas,Comprador com financiamento,34,816,2753,https://diariodarepublica.pt/dr/legislacao-consolidada/decreto-lei/2017-107572846,REESCRITA
Iniciante · Entrar no Imobiliário,Propostas e negociação,Como receber uma proposta,35,692,2731,https://diariodarepublica.pt/,REESCRITA
Iniciante · Entrar no Imobiliário,Propostas e negociação,Receber e apresentar propostas,9,525,2766,https://diariodarepublica.pt/,REESCRITA
Iniciante · Entrar no Imobiliário,Propostas e negociação,Contrapropostas e negociação,36,718,2752,https://diariodarepublica.pt/,REESCRITA
Iniciante · Entrar no Imobiliário,Propostas e negociação,Da aceitação ao próximo passo,37,747,2759,https://diariodarepublica.pt/,REESCRITA
Iniciante · Entrar no Imobiliário,"CPCV, escritura e pós-venda",Do CPCV à conclusão do negócio,2,554,2800,https://diariodarepublica.pt/dr/detalhe/lei/15-2013-257806,REESCRITA
Iniciante · Entrar no Imobiliário,"CPCV, escritura e pós-venda",O que é o CPCV,38,954,2688,https://diariodarepublica.pt/dr/detalhe/decreto-lei/47344-1966-477358,REESCRITA
Iniciante · Entrar no Imobiliário,"CPCV, escritura e pós-venda","Sinal, prazos e condições",39,900,2765,https://diariodarepublica.pt/dr/detalhe/decreto-lei/47344-1966-477358,REESCRITA
Iniciante · Entrar no Imobiliário,"CPCV, escritura e pós-venda",Preparação do ato definitivo e pós-venda,40,936,2870,https://justica.gov.pt/Servicos/Balcao-Casa-Pronta,REESCRITA
Terrenos e Potencial Construtivo,O que é um terreno urbanizável?,Terreno urbanizável: expressão comercial vs. classificação do solo,194,1082,2266,https://diariodarepublica.pt/dr/legislacao-consolidada/decreto-lei/1999-34567875-45232375,REESCRITA
Terrenos e Potencial Construtivo,O que é um terreno urbanizável?,Como começar uma análise de terreno,195,785,2204,https://diariodarepublica.pt/dr/legislacao-consolidada/decreto-lei/1999-34567875-45232375,REESCRITA
Terrenos e Potencial Construtivo,O que é um terreno urbanizável?,O que nunca prometer ao proprietário ou comprador,196,728,2967,https://diariodarepublica.pt/dr/legislacao-consolidada/decreto-lei/1999-34567875-45232375,REESCRITA
Terrenos e Potencial Construtivo,Como saber se pode construir,A sequência correta para avaliar edificabilidade,197,652,2898,https://diariodarepublica.pt/dr/detalhe/decreto-regulamentar/15-2015-70055492,REESCRITA
Terrenos e Potencial Construtivo,Como saber se pode construir,Edificabilidade não é apenas índice de construção,198,650,2964,https://diariodarepublica.pt/dr/legislacao-consolidada/decreto-lei/2015-105297982,REESCRITA
Terrenos e Potencial Construtivo,Como saber se pode construir,Quando pedir apoio técnico,199,632,2744,https://diariodarepublica.pt/dr/detalhe/decreto-lei/108-2026-1128002421,REESCRITA
Terrenos e Potencial Construtivo,PDM na prática,Como ler o PDM sem ser urbanista,200,597,2285,https://diariodarepublica.pt/dr/legislacao-consolidada/decreto-lei/1999-34567875-45232375,REESCRITA
Terrenos e Potencial Construtivo,PDM na prática,"Classificação, qualificação e categoria de espaço",201,560,2950,https://diariodarepublica.pt/dr/legislacao-consolidada/decreto-lei/1999-34567875-45232375,REESCRITA
Terrenos e Potencial Construtivo,PDM na prática,Planos diferentes podem afetar o mesmo terreno,202,597,2226,https://diariodarepublica.pt/dr/legislacao-consolidada/decreto-lei/1999-34567875-45232375,REESCRITA
Terrenos e Potencial Construtivo,"RAN, REN e condicionantes",RAN: o que significa na análise de um terreno,203,643,2224,https://diariodarepublica.pt/dr/legislacao-consolidada/decreto-lei/1999-34567875-45232375,REESCRITA
Terrenos e Potencial Construtivo,"RAN, REN e condicionantes",REN: atenção à alteração de 2026,204,566,2198,https://diariodarepublica.pt/dr/legislacao-consolidada/decreto-lei/1999-34567875-45232375,REESCRITA
Terrenos e Potencial Construtivo,"RAN, REN e condicionantes",Outras condicionantes que podem mudar o negócio,205,617,2947,https://diariodarepublica.pt/dr/legislacao-consolidada/decreto-lei/1999-34567875-45232375,REESCRITA
Terrenos e Potencial Construtivo,Infraestruturas e acessos,Acesso: existir caminho não basta,206,538,2790,https://diariodarepublica.pt/dr/detalhe/decreto-lei/108-2026-1128002421,REESCRITA
Terrenos e Potencial Construtivo,Infraestruturas e acessos,"Água, saneamento, eletricidade e telecomunicações",207,556,3313,https://diariodarepublica.pt/dr/detalhe/decreto-lei/108-2026-1128002421,REESCRITA
Terrenos e Potencial Construtivo,Infraestruturas e acessos,Topografia e forma da parcela,208,521,2762,https://diariodarepublica.pt/dr/legislacao-consolidada/decreto-lei/2015-105297982,REESCRITA
Terrenos e Potencial Construtivo,Loteamento,O que é uma operação de loteamento,209,606,3252,https://diariodarepublica.pt/dr/legislacao-consolidada/decreto-lei/1999-34567875-45232375,REESCRITA
Terrenos e Potencial Construtivo,Loteamento,O que conferir num lote existente,210,546,3245,https://diariodarepublica.pt/dr/legislacao-consolidada/decreto-lei/1999-34567875-45232375,REESCRITA
Terrenos e Potencial Construtivo,Loteamento,"Divisão física, destaque e loteamento não são a mesma coisa",211,568,3427,https://diariodarepublica.pt/dr/legislacao-consolidada/decreto-lei/1999-34567875-45232375,REESCRITA
Terrenos e Potencial Construtivo,Como desenvolver o terreno,Do potencial ao cenário de desenvolvimento,212,548,2913,https://diariodarepublica.pt/dr/legislacao-consolidada/decreto-lei/1999-34567875-45232375,REESCRITA
Terrenos e Potencial Construtivo,Como desenvolver o terreno,Estudo prévio: para que serve,213,460,2822,https://diariodarepublica.pt/dr/legislacao-consolidada/decreto-lei/1999-34567875-45232375,REESCRITA
Terrenos e Potencial Construtivo,Como desenvolver o terreno,"Estratégias: vender, licenciar ou desenvolver",214,512,2934,https://diariodarepublica.pt/dr/legislacao-consolidada/decreto-lei/1999-34567875-45232375,REESCRITA
Terrenos e Potencial Construtivo,Pedido de Informação Prévia — PIP,O que é o PIP e quando faz sentido,215,631,2777,https://diariodarepublica.pt/dr/legislacao-consolidada/decreto-lei/1999-34567875-45232375,REESCRITA
Terrenos e Potencial Construtivo,Pedido de Informação Prévia — PIP,PIP em 2026: novos modelos e elementos,216,541,2785,https://diariodarepublica.pt/dr/legislacao-consolidada/decreto-lei/1999-34567875-45232375,REESCRITA
Terrenos e Potencial Construtivo,Pedido de Informação Prévia — PIP,O que um PIP favorável não significa,217,530,2781,https://diariodarepublica.pt/dr/legislacao-consolidada/decreto-lei/1999-34567875-45232375,REESCRITA
Terrenos e Potencial Construtivo,Do terreno ao projeto,As fases de um projeto imobiliário,218,504,2852,https://diariodarepublica.pt/dr/legislacao-consolidada/decreto-lei/1999-34567875-45232375,REESCRITA
Terrenos e Potencial Construtivo,Do terreno ao projeto,"Quem faz o quê: promotor, arquiteto, engenheiro e empreiteiro",219,513,3041,https://diariodarepublica.pt/dr/legislacao-consolidada/decreto-lei/1999-34567875-45232375,REESCRITA
Terrenos e Potencial Construtivo,Do terreno ao projeto,Prazo de desenvolvimento: não vender datas imaginárias,220,543,2992,https://diariodarepublica.pt/dr/legislacao-consolidada/decreto-lei/1999-34567875-45232375,REESCRITA
Terrenos e Potencial Construtivo,Análise económica,Preço do terreno vs. valor do projeto,221,570,2208,https://diariodarepublica.pt/dr/legislacao-consolidada/decreto-lei/1999-34567875-45232375,REESCRITA
Terrenos e Potencial Construtivo,Análise económica,Conta residual simplificada,222,591,2740,https://diariodarepublica.pt/dr/legislacao-consolidada/decreto-lei/2015-105297982,REESCRITA
Terrenos e Potencial Construtivo,Análise económica,Viabilidade económica antes da angariação,223,563,2838,https://diariodarepublica.pt/dr/detalhe/lei/15-2013-257806,REESCRITA
Terrenos e Potencial Construtivo,Como anunciar terrenos,Como descrever potencial construtivo com rigor,224,554,2937,https://diariodarepublica.pt/dr/legislacao-consolidada/decreto-lei/1999-34567875-45232375,REESCRITA
Terrenos e Potencial Construtivo,Como anunciar terrenos,Que documentos suportam um bom anúncio,225,527,2881,https://diariodarepublica.pt/dr/legislacao-consolidada/decreto-lei/1999-34567875-45232375,REESCRITA
Terrenos e Potencial Construtivo,Como anunciar terrenos,"Fotografias, mapas e plantas: contexto sem enganar",226,529,2965,https://diariodarepublica.pt/dr/legislacao-consolidada/decreto-lei/1999-34567875-45232375,REESCRITA
Terrenos e Potencial Construtivo,Casos práticos,Caso: terreno urbano com índice aparentemente favorável,227,578,2244,https://diariodarepublica.pt/dr/legislacao-consolidada/decreto-lei/1999-34567875-45232375,REESCRITA
Terrenos e Potencial Construtivo,Casos práticos,Caso: terreno em REN alterada em 2026,228,545,2208,https://diariodarepublica.pt/dr/legislacao-consolidada/decreto-lei/1999-34567875-45232375,REESCRITA
Terrenos e Potencial Construtivo,Casos práticos,Caso: vendedor anuncia “projeto aprovado”,229,562,2894,https://diariodarepublica.pt/dr/legislacao-consolidada/decreto-lei/1999-34567875-45232375,REESCRITA
Urbanismo Prático,Fundamentos de Urbanismo e Ordenamento,"Urbanismo, ordenamento e gestão territorial",78,641,2932,https://diariodarepublica.pt/dr/legislacao-consolidada/decreto-lei/1999-34567875-45232375,REESCRITA
Urbanismo Prático,Fundamentos de Urbanismo e Ordenamento,"RJIGT, RJUE e regulamentos municipais",79,545,3301,https://diariodarepublica.pt/dr/legislacao-consolidada/decreto-lei/1999-34567875-45232375,REESCRITA
Urbanismo Prático,Fundamentos de Urbanismo e Ordenamento,Onde consultar informação oficial,80,530,2862,https://diariodarepublica.pt/dr/legislacao-consolidada/decreto-lei/1999-34567875-45232375,REESCRITA
Urbanismo Prático,Classificação e Qualificação do Solo,Solo urbano e solo rústico,81,604,2752,https://diariodarepublica.pt/dr/legislacao-consolidada/decreto-lei/1999-34567875-45232375,REESCRITA
Urbanismo Prático,Classificação e Qualificação do Solo,Reclassificação de solo,82,634,2731,https://diariodarepublica.pt/dr/legislacao-consolidada/decreto-lei/1999-34567875-45232375,REESCRITA
Urbanismo Prático,Classificação e Qualificação do Solo,Categorias de espaço e usos,83,519,2818,https://diariodarepublica.pt/dr/legislacao-consolidada/decreto-lei/1999-34567875-45232375,REESCRITA
Urbanismo Prático,Operações Urbanísticas e Procedimentos,Que operação está em causa?,84,584,2761,https://diariodarepublica.pt/dr/legislacao-consolidada/decreto-lei/1999-34567875-45232875,REESCRITA
Urbanismo Prático,Operações Urbanísticas e Procedimentos,"Licença, comunicação prévia e isenções",85,555,3249,https://diariodarepublica.pt/dr/legislacao-consolidada/decreto-lei/1999-34567875-45232375,REESCRITA
Urbanismo Prático,Operações Urbanísticas e Procedimentos,Modelos e elementos instrutórios de 2026,86,575,2403,https://diariodarepublica.pt/dr/legislacao-consolidada/decreto-lei/1999-34567875-45232875,REESCRITA
Urbanismo Prático,PIP — Informação Prévia,PIP do artigo 14.º,87,586,2745,https://diariodarepublica.pt/dr/legislacao-consolidada/decreto-lei/1999-34567875-45232375,REESCRITA
Urbanismo Prático,PIP — Informação Prévia,PIP e consultas externas,88,604,2757,https://diariodarepublica.pt/dr/legislacao-consolidada/decreto-lei/1999-34567875-45232375,REESCRITA
Urbanismo Prático,PIP — Informação Prévia,PIP e segurança da transação,89,567,2765,https://diariodarepublica.pt/dr/legislacao-consolidada/decreto-lei/1999-34567875-45232375,REESCRITA
Urbanismo Prático,Licenciamento 2026 — Prazos e Aceleração,Reforma do RJUE em 2026,90,616,2780,https://diariodarepublica.pt/dr/legislacao-consolidada/decreto-lei/1999-34567875-45232375,REESCRITA
Urbanismo Prático,Licenciamento 2026 — Prazos e Aceleração,Prazos máximos e deferimento tácito,91,588,3230,https://diariodarepublica.pt/dr/legislacao-consolidada/decreto-lei/1999-34567875-45232875,REESCRITA
Urbanismo Prático,Licenciamento 2026 — Prazos e Aceleração,Saneamento e apreciação liminar,92,616,3258,https://info.portaldasfinancas.gov.pt/,REESCRITA
Urbanismo Prático,Consultas Externas e Coordenação,Entidades externas,93,562,3103,https://diariodarepublica.pt/dr/legislacao-consolidada/decreto-lei/1999-34567875-45232875,REESCRITA
Urbanismo Prático,Consultas Externas e Coordenação,Consultas em paralelo e coordenação,94,545,3222,https://diariodarepublica.pt/dr/legislacao-consolidada/decreto-lei/1999-34567875-45232875,REESCRITA
Urbanismo Prático,Consultas Externas e Coordenação,Checklist de entidades,95,487,3131,https://diariodarepublica.pt/dr/legislacao-consolidada/decreto-lei/1999-34567875-45232875,REESCRITA
Urbanismo Prático,Comunicação Prévia e Responsabilidade Técnica,Quando existe comunicação prévia,96,572,3214,https://diariodarepublica.pt/dr/legislacao-consolidada/decreto-lei/1999-34567875-45232375,REESCRITA
Urbanismo Prático,Comunicação Prévia e Responsabilidade Técnica,Termos de responsabilidade,97,581,3172,https://diariodarepublica.pt/dr/legislacao-consolidada/decreto-lei/1999-34567875-45232375,REESCRITA
Urbanismo Prático,Comunicação Prévia e Responsabilidade Técnica,Fiscalização posterior,98,535,3144,https://diariodarepublica.pt/dr/legislacao-consolidada/decreto-lei/1999-34567875-45232375,REESCRITA
Urbanismo Prático,Utilização e Alteração de Uso,Utilização após obra — artigo 62.º-A,99,642,3285,https://diariodarepublica.pt/dr/legislacao-consolidada/decreto-lei/1999-34567875-45232375,REESCRITA
Urbanismo Prático,Utilização e Alteração de Uso,Alteração de uso sem obra prévia,100,588,3257,https://diariodarepublica.pt/dr/legislacao-consolidada/decreto-lei/1999-34567875-45232375,REESCRITA
Urbanismo Prático,Utilização e Alteração de Uso,Como verificar um título de utilização,101,558,3299,https://diariodarepublica.pt/dr/legislacao-consolidada/decreto-lei/1999-34567875-45232375,REESCRITA
Urbanismo Prático,Loteamentos e Obras de Urbanização,Operação de loteamento,102,481,3192,https://diariodarepublica.pt/dr/legislacao-consolidada/decreto-lei/1999-34567875-45232375,REESCRITA
Urbanismo Prático,Loteamentos e Obras de Urbanização,Obras de urbanização,103,507,3178,https://diariodarepublica.pt/dr/legislacao-consolidada/decreto-lei/1999-34567875-45232375,REESCRITA
Urbanismo Prático,Loteamentos e Obras de Urbanização,Alterações e validade,104,519,3185,https://diariodarepublica.pt/dr/legislacao-consolidada/decreto-lei/1999-34567875-45232375,REESCRITA
Urbanismo Prático,Reabilitação Urbana e Imóveis Existentes,ARU e reabilitação urbana,105,563,2749,https://diariodarepublica.pt/dr/legislacao-consolidada/decreto-lei/1999-34567875-45232375,REESCRITA
Urbanismo Prático,Reabilitação Urbana e Imóveis Existentes,Obras em edifícios existentes,106,553,2777,https://diariodarepublica.pt/dr/legislacao-consolidada/decreto-lei/1999-34567875-45232375,REESCRITA
Urbanismo Prático,Reabilitação Urbana e Imóveis Existentes,Antes de 1951: cuidado com simplificações,107,582,2410,https://diariodarepublica.pt/dr/legislacao-consolidada/decreto-lei/1999-34567875-45232375,REESCRITA
Urbanismo Prático,"Fiscalização, Ilegalidades e Regularização",Tutela da legalidade urbanística,108,555,2800,https://diariodarepublica.pt/dr/legislacao-consolidada/decreto-lei/1999-34567875-45232875,REESCRITA
Urbanismo Prático,"Fiscalização, Ilegalidades e Regularização","Embargo, reposição e legalização",109,539,2859,https://diariodarepublica.pt/dr/legislacao-consolidada/decreto-lei/1999-34567875-45232375,REESCRITA
Urbanismo Prático,"Fiscalização, Ilegalidades e Regularização",Divergências entre realidade e documentos,110,479,2863,https://diariodarepublica.pt/dr/legislacao-consolidada/decreto-lei/1999-34567875-45232875,REESCRITA
Urbanismo Prático,Due Diligence Urbanística e Casos Práticos,Checklist urbanística antes de angariar,111,467,2849,https://diariodarepublica.pt/dr/legislacao-consolidada/decreto-lei/1999-34567875-45232875,REESCRITA
Urbanismo Prático,Due Diligence Urbanística e Casos Práticos,Checklist antes de comprar para desenvolver,112,439,2877,https://diariodarepublica.pt/dr/legislacao-consolidada/decreto-lei/1999-34567875-45232875,REESCRITA
Urbanismo Prático,Due Diligence Urbanística e Casos Práticos,Caso final: imóvel com ampliação não documentada,113,589,2912,https://diariodarepublica.pt/dr/legislacao-consolidada/decreto-lei/1999-34567875-45232875,REESCRITA
Urbanismo Prático,Conversão de Utilizações — Casos Práticos,Loja → Habitação: percurso completo,114,2239,2820,https://diariodarepublica.pt/dr/legislacao-consolidada/decreto-lei/1999-34567875-45232875,REESCRITA
Urbanismo Prático,Conversão de Utilizações — Casos Práticos,Habitação → Serviços: o que muda,115,1578,2799,https://diariodarepublica.pt/dr/legislacao-consolidada/decreto-lei/1999-34567875-45232875,REESCRITA
Urbanismo Prático,Conversão de Utilizações — Casos Práticos,Loja → Serviços e Escritório → Habitação,116,917,2855,https://diariodarepublica.pt/dr/legislacao-consolidada/decreto-lei/1999-34567875-45232875,REESCRITA
Urbanismo Prático,Conversão de Utilizações — Casos Práticos,Armazém → Serviços: análise reforçada,117,876,2834,https://diariodarepublica.pt/dr/legislacao-consolidada/decreto-lei/1999-34567875-45232875,REESCRITA
Urbanismo Prático,Conversão de Utilizações — Casos Práticos,Alteração de uso SEM obras,118,1001,3227,https://diariodarepublica.pt/dr/legislacao-consolidada/decreto-lei/1999-34567875-45232375,REESCRITA
Urbanismo Prático,Conversão de Utilizações — Casos Práticos,Alteração de uso COM obras,119,1186,3227,https://diariodarepublica.pt/dr/legislacao-consolidada/decreto-lei/1999-34567875-45232375,REESCRITA
Urbanismo Prático,Conversão de Utilizações — Casos Práticos,Propriedade horizontal e mudança de uso,120,1088,2907,https://diariodarepublica.pt/dr/legislacao-consolidada/decreto-lei/1999-34567875-45232375,REESCRITA
Urbanismo Prático,Conversão de Utilizações — Casos Práticos,Caso recusado: diagnóstico e comercialização,121,876,2883,https://diariodarepublica.pt/dr/legislacao-consolidada/decreto-lei/1999-34567875-45232875,REESCRITA
Documentação Imobiliária Profissional,Documentos Base — aprender a cruzar informação,Certidão predial: o que realmente diz,122,983,3066,https://www.predialonline.pt/PredialOnline/faq_input.action,REESCRITA
Documentação Imobiliária Profissional,Documentos Base — aprender a cruzar informação,Caderneta predial: função fiscal e validade,123,995,3049,https://info.portaldasfinancas.gov.pt/,REESCRITA
Documentação Imobiliária Profissional,Documentos Base — aprender a cruzar informação,Cruzamento documental profissional,124,977,2528,https://diariodarepublica.pt/dr/legislacao-consolidada/decreto-lei/1999-34567875-45232375,REESCRITA
Documentação Imobiliária Profissional,Apartamento / Fração Autónoma,Checklist de apartamento,125,957,2480,https://justica.gov.pt/Servicos/Balcao-Casa-Pronta,REESCRITA
Documentação Imobiliária Profissional,Apartamento / Fração Autónoma,Condomínio e encargos,126,951,2343,https://justica.gov.pt/Servicos/Balcao-Casa-Pronta,REESCRITA
Documentação Imobiliária Profissional,Apartamento / Fração Autónoma,Divergências na fração,127,953,2301,https://justica.gov.pt/Servicos/Balcao-Casa-Pronta,REESCRITA
Documentação Imobiliária Profissional,Moradia,Checklist de moradia,128,949,2681,https://justica.gov.pt/Servicos/Balcao-Casa-Pronta,REESCRITA
Documentação Imobiliária Profissional,Moradia,Moradia antiga,129,937,2356,https://justica.gov.pt/Servicos/Balcao-Casa-Pronta,REESCRITA
Documentação Imobiliária Profissional,Moradia,"Logradouro, anexos e limites",130,965,2446,https://info.portaldasfinancas.gov.pt/,REESCRITA
Documentação Imobiliária Profissional,Terreno,Checklist documental de terreno,131,971,2196,https://diariodarepublica.pt/dr/legislacao-consolidada/decreto-lei/1999-34567875-45232375,REESCRITA
Documentação Imobiliária Profissional,Terreno,Terreno com projeto ou PIP,132,961,2350,https://diariodarepublica.pt/dr/legislacao-consolidada/decreto-lei/1999-34567875-45232375,REESCRITA
Documentação Imobiliária Profissional,Terreno,Como anunciar potencial construtivo,133,979,2845,https://diariodarepublica.pt/dr/legislacao-consolidada/decreto-lei/1999-34567875-45232375,REESCRITA
Documentação Imobiliária Profissional,"Loja, Escritório e Serviços",Checklist comercial,134,947,2694,https://justica.gov.pt/Servicos/Balcao-Casa-Pronta,REESCRITA
Documentação Imobiliária Profissional,"Loja, Escritório e Serviços",Loja não é automaticamente qualquer comércio,135,997,2869,https://justica.gov.pt/Servicos/Balcao-Casa-Pronta,REESCRITA
Documentação Imobiliária Profissional,"Loja, Escritório e Serviços",Conversão de uso,136,941,2732,https://diariodarepublica.pt/dr/legislacao-consolidada/decreto-lei/1999-34567875-45232375,REESCRITA
Documentação Imobiliária Profissional,Armazém e Imóveis Industriais,Checklist de armazém,137,949,2703,https://justica.gov.pt/Servicos/Balcao-Casa-Pronta,REESCRITA
Documentação Imobiliária Profissional,Armazém e Imóveis Industriais,Armazém para serviços/comércio,138,969,2773,https://justica.gov.pt/Servicos/Balcao-Casa-Pronta,REESCRITA
Documentação Imobiliária Profissional,Armazém e Imóveis Industriais,Infraestruturas e operação,139,961,2745,https://justica.gov.pt/Servicos/Balcao-Casa-Pronta,REESCRITA
Documentação Imobiliária Profissional,Prédio Inteiro,Checklist de prédio,140,947,2681,https://justica.gov.pt/Servicos/Balcao-Casa-Pronta,REESCRITA
Documentação Imobiliária Profissional,Prédio Inteiro,Prédio em propriedade total,141,963,2737,https://justica.gov.pt/Servicos/Balcao-Casa-Pronta,REESCRITA
Documentação Imobiliária Profissional,Prédio Inteiro,Investimento e rendimentos,142,961,2186,https://diariodarepublica.pt/dr/legislacao-consolidada/decreto-lei/1999-34567875-45232375,REESCRITA
Documentação Imobiliária Profissional,Imóvel em Construção / Projeto,O que está realmente aprovado,143,967,2826,https://diariodarepublica.pt/dr/legislacao-consolidada/decreto-lei/1999-34567875-45232375,REESCRITA
Documentação Imobiliária Profissional,Imóvel em Construção / Projeto,Ficha técnica e informação ao consumidor,144,989,2903,https://diariodarepublica.pt/dr/legislacao-consolidada/decreto-lei/1999-34567875-45232375,REESCRITA
Documentação Imobiliária Profissional,Imóvel em Construção / Projeto,Pré-certificado energético,145,961,2232,https://www.sce.pt/,REESCRITA
Documentação Imobiliária Profissional,Imóvel Arrendado,Comprar imóvel arrendado,146,957,2182,https://diariodarepublica.pt/dr/legislacao-consolidada/decreto-lei/1999-34567875-45232375,REESCRITA
Documentação Imobiliária Profissional,Imóvel Arrendado,Vender com arrendatário,147,955,2180,https://diariodarepublica.pt/dr/legislacao-consolidada/decreto-lei/1999-34567875-45232375,REESCRITA
Documentação Imobiliária Profissional,Imóvel Arrendado,Arrendar imóvel,148,939,2164,https://diariodarepublica.pt/dr/legislacao-consolidada/decreto-lei/1999-34567875-45232375,REESCRITA
Documentação Imobiliária Profissional,Certificado Energético,Quando é obrigatório,149,949,2696,https://www.sce.pt/,REESCRITA
Documentação Imobiliária Profissional,Certificado Energético,Publicidade,150,931,2633,https://www.sce.pt/,REESCRITA
Documentação Imobiliária Profissional,Certificado Energético,Exceções e validade,151,947,2689,https://www.sce.pt/,REESCRITA
Documentação Imobiliária Profissional,Venda — preparação do negócio,Dossier antes do CPCV,152,951,2739,https://justica.gov.pt/Servicos/Balcao-Casa-Pronta,REESCRITA
Documentação Imobiliária Profissional,Venda — preparação do negócio,Preferências públicas,153,951,2739,https://justica.gov.pt/Servicos/Balcao-Casa-Pronta,REESCRITA
Documentação Imobiliária Profissional,Venda — preparação do negócio,Simplex e a escritura,154,951,2710,https://justica.gov.pt/Servicos/Balcao-Casa-Pronta,REESCRITA
Documentação Imobiliária Profissional,Casos Práticos e Avaliação,Apartamento com marquise,155,957,2728,https://justica.gov.pt/Servicos/Balcao-Casa-Pronta,REESCRITA
Documentação Imobiliária Profissional,Casos Práticos e Avaliação,Moradia com anexo,156,943,2368,https://justica.gov.pt/Servicos/Balcao-Casa-Pronta,REESCRITA
Documentação Imobiliária Profissional,Casos Práticos e Avaliação,Terreno 'para 6 moradias',157,959,2184,https://diariodarepublica.pt/dr/legislacao-consolidada/decreto-lei/1999-34567875-45232375,REESCRITA
Prática Profissional Avançada,Angariação e CMI,Preparar uma angariação juridicamente segura,158,1285,2858,https://diariodarepublica.pt/dr/detalhe/lei/15-2013-257806,REESCRITA
Prática Profissional Avançada,Angariação e CMI,Contrato de Mediação Imobiliária — CMI,159,1223,2816,https://diariodarepublica.pt/dr/detalhe/lei/15-2013-257806,REESCRITA
Prática Profissional Avançada,Angariação e CMI,Deveres da mediadora durante a angariação,160,1145,2216,https://diariodarepublica.pt/dr/legislacao-consolidada/decreto-lei/1999-34567875-45232375,REESCRITA
Prática Profissional Avançada,Compra e Venda — Processo Completo,Da proposta à preparação do negócio,161,1201,2813,https://justica.gov.pt/Servicos/Balcao-Casa-Pronta,REESCRITA
Prática Profissional Avançada,Compra e Venda — Processo Completo,Due diligence antes do CPCV,162,1028,2786,https://justica.gov.pt/Servicos/Balcao-Casa-Pronta,REESCRITA
Prática Profissional Avançada,Compra e Venda — Processo Completo,Do CPCV ao título definitivo,163,1076,2793,https://justica.gov.pt/Servicos/Balcao-Casa-Pronta,REESCRITA
Prática Profissional Avançada,"CPCV, Sinal, Incumprimento e Escritura",O que deve ficar claro no CPCV,164,1224,2811,https://diariodarepublica.pt/dr/legislacao-consolidada/decreto-lei/1966-34509075-59065106,REESCRITA
Prática Profissional Avançada,"CPCV, Sinal, Incumprimento e Escritura",Sinal e incumprimento,165,1307,2748,https://diariodarepublica.pt/dr/legislacao-consolidada/decreto-lei/1966-34509075-59065106,REESCRITA
Prática Profissional Avançada,"CPCV, Sinal, Incumprimento e Escritura",Preparar a escritura/DPA,166,1097,2769,https://diariodarepublica.pt/dr/legislacao-consolidada/decreto-lei/1966-34509075-59065106,REESCRITA
Prática Profissional Avançada,Financiamento e Avaliação Bancária,Crédito habitação: FINE e solvabilidade,167,1121,2350,https://diariodarepublica.pt/dr/legislacao-consolidada/decreto-lei/2017-107572846,REESCRITA
Prática Profissional Avançada,Financiamento e Avaliação Bancária,Avaliação bancária do imóvel,168,1039,2773,https://diariodarepublica.pt/dr/legislacao-consolidada/decreto-lei/2017-107572846,REESCRITA
Prática Profissional Avançada,Financiamento e Avaliação Bancária,Compra dependente de financiamento,169,1062,2815,https://diariodarepublica.pt/dr/legislacao-consolidada/decreto-lei/2017-107572846,REESCRITA
Prática Profissional Avançada,Fiscalidade Imobiliária,IMT e Imposto do Selo na aquisição,170,1249,2255,https://info.portaldasfinancas.gov.pt/,REESCRITA
Prática Profissional Avançada,Fiscalidade Imobiliária,Mais-valias e fiscalidade do vendedor,171,1257,2872,https://info.portaldasfinancas.gov.pt/,REESCRITA
Prática Profissional Avançada,Fiscalidade Imobiliária,"IMI, AIMI e fiscalidade na exploração",172,1026,2872,https://info.portaldasfinancas.gov.pt/,REESCRITA
Prática Profissional Avançada,Arrendamento,Contrato e finalidade,173,1523,2752,https://diariodarepublica.pt/dr/legislacao-consolidada/decreto-lei/1999-34567875-45232375,REESCRITA
Prática Profissional Avançada,Arrendamento,"Rendas, caução e garantias",174,1044,2186,https://diariodarepublica.pt/dr/legislacao-consolidada/decreto-lei/1999-34567875-45232375,REESCRITA
Prática Profissional Avançada,Arrendamento,Venda de imóvel arrendado,175,1002,2184,https://diariodarepublica.pt/dr/legislacao-consolidada/decreto-lei/1999-34567875-45232375,REESCRITA
Prática Profissional Avançada,"Heranças, Compropriedade e Divórcio",Imóvel em herança,176,1231,2168,https://diariodarepublica.pt/dr/legislacao-consolidada/decreto-lei/1999-34567875-45232375,REESCRITA
Prática Profissional Avançada,"Heranças, Compropriedade e Divórcio",Compropriedade,177,1149,2726,https://diariodarepublica.pt/dr/legislacao-consolidada/decreto-lei/1999-34567875-45232375,REESCRITA
Prática Profissional Avançada,"Heranças, Compropriedade e Divórcio","Divórcio, casamento e legitimidade",178,1092,2866,https://info.portaldasfinancas.gov.pt/,REESCRITA
Prática Profissional Avançada,Prevenção do Branqueamento de Capitais — AML,Porque o imobiliário é atividade abrangida,179,1102,2218,https://diariodarepublica.pt/dr/legislacao-consolidada/decreto-lei/1999-34567875-45232375,REESCRITA
Prática Profissional Avançada,Prevenção do Branqueamento de Capitais — AML,"Identificação, beneficiário efetivo e origem de fundos",180,1369,2520,https://diariodarepublica.pt/dr/legislacao-consolidada/decreto-lei/1999-34567875-45232375,REESCRITA
Prática Profissional Avançada,Prevenção do Branqueamento de Capitais — AML,Sinais de alerta no negócio imobiliário,181,1185,2910,https://diariodarepublica.pt/dr/legislacao-consolidada/decreto-lei/1999-34567875-45232375,REESCRITA
Prática Profissional Avançada,RGPD e Proteção de Dados,Dados pessoais na mediação,182,1040,2229,https://diariodarepublica.pt/dr/detalhe/lei/15-2013-257806,REESCRITA
Prática Profissional Avançada,RGPD e Proteção de Dados,Consentimento não é a única base jurídica,183,1166,2259,https://www.cnpd.pt/,REESCRITA
Prática Profissional Avançada,RGPD e Proteção de Dados,"Fotografias, visitas e partilha documental",184,1039,2848,https://www.cnpd.pt/,REESCRITA
Prática Profissional Avançada,Publicidade Imobiliária,O anúncio tem de corresponder ao imóvel,185,1101,2830,https://diariodarepublica.pt/dr/detalhe/lei/15-2013-257806,REESCRITA
Prática Profissional Avançada,Publicidade Imobiliária,Certificado energético no anúncio,186,1133,2187,https://www.sce.pt/,REESCRITA
Prática Profissional Avançada,Publicidade Imobiliária,Publicidade de terrenos e projetos,187,1014,2202,https://diariodarepublica.pt/dr/legislacao-consolidada/decreto-lei/1999-34567875-45232375,REESCRITA
Prática Profissional Avançada,Certificação Energética — Avançado,Quando o SCE entra na transação,188,1033,2196,https://www.sce.pt/,REESCRITA
Prática Profissional Avançada,Certificação Energética — Avançado,Validade e substituição do certificado,189,982,2834,https://www.sce.pt/,REESCRITA
Prática Profissional Avançada,Certificação Energética — Avançado,Terreno com projeto e pré-certificado,190,1053,2254,https://www.sce.pt/,REESCRITA
Prática Profissional Avançada,Casos Práticos Avançados,Caso integrado: venda com financiamento e divergência documental,191,1140,3015,https://diariodarepublica.pt/dr/legislacao-consolidada/decreto-lei/2017-107572846,REESCRITA
Prática Profissional Avançada,Casos Práticos Avançados,"Caso integrado: herança, anexo e compropriedade",192,1019,2487,https://diariodarepublica.pt/dr/legislacao-consolidada/decreto-lei/1999-34567875-45232375,REESCRITA
Prática Profissional Avançada,Casos Práticos Avançados,Caso integrado: loja para habitação,193,1097,2803,https://diariodarepublica.pt/dr/detalhe/lei/15-2013-257806,REESCRITA
